"id","timestamp","cpu_usage_percent"
36,"2025-09-09 13:23:50.418878+00","0.18"
37,"2025-09-09 13:23:51.417582+00","0.06"
38,"2025-09-09 13:23:52.41805+00","0.06"
39,"2025-09-09 13:23:53.417302+00","0.06"
40,"2025-09-09 13:23:54.419035+00","0.99"
41,"2025-09-09 13:23:55.417579+00","0.06"
42,"2025-09-09 13:23:56.422862+00","0.06"
43,"2025-09-09 13:23:57.417535+00","0.06"
44,"2025-09-09 13:23:58.420912+00","1.79"
45,"2025-09-09 13:23:59.50448+00","44.21"
46,"2025-09-09 13:24:00.560867+00","52.97"
47,"2025-09-09 13:24:01.54357+00","51.07"
48,"2025-09-09 13:24:02.571203+00","51.26"
49,"2025-09-09 13:24:03.561121+00","51.03"
50,"2025-09-09 13:24:04.590096+00","52.73"
51,"2025-09-09 13:24:05.567088+00","49.86"
52,"2025-09-09 13:24:06.545267+00","50.89"
53,"2025-09-09 13:24:08.319617+00","40.99"
54,"2025-09-09 13:24:09.116091+00","31.34"
55,"2025-09-09 13:24:10.166076+00","49.27"
56,"2025-09-09 13:24:11.433999+00","43.89"
57,"2025-09-09 13:24:12.652748+00","48.21"
58,"2025-09-09 13:24:16.29669+00","33.99"
59,"2025-09-09 13:24:19.640799+00","17.20"
60,"2025-09-09 13:24:22.197719+00","27.79"
61,"2025-09-09 13:24:24.71323+00","30.12"
62,"2025-09-09 13:24:27.0863+00","28.70"
63,"2025-09-09 13:24:31.01761+00","21.69"
64,"2025-09-09 13:24:34.443458+00","24.26"
65,"2025-09-09 13:24:37.106652+00","24.26"
66,"2025-09-09 13:24:40.038458+00","33.51"
67,"2025-09-09 13:24:44.171105+00","20.59"
68,"2025-09-09 13:24:46.691084+00","23.87"
69,"2025-09-09 13:24:51.816086+00","22.67"
70,"2025-09-09 13:24:54.033342+00","15.89"
71,"2025-09-09 13:24:55.602188+00","20.67"
72,"2025-09-09 13:24:56.571109+00","13.52"
73,"2025-09-09 13:24:56.761981+00","32.93"
74,"2025-09-09 13:24:57.548325+00","12.46"
75,"2025-09-09 13:24:57.556894+00","12.46"
76,"2025-09-09 13:24:57.562066+00","12.46"
77,"2025-09-09 13:24:57.569893+00","12.46"
78,"2025-09-09 13:24:57.577873+00","12.46"
79,"2025-09-09 13:24:57.585054+00","12.46"
80,"2025-09-09 13:24:57.592626+00","12.46"
81,"2025-09-09 13:24:57.599257+00","12.46"
82,"2025-09-09 13:24:57.605695+00","12.46"
83,"2025-09-09 13:24:57.610685+00","12.46"
84,"2025-09-09 13:24:57.614939+00","12.46"
85,"2025-09-09 13:24:57.619116+00","12.46"
86,"2025-09-09 13:24:57.623578+00","12.46"
87,"2025-09-09 13:24:57.629056+00","12.46"
88,"2025-09-09 13:24:57.635682+00","12.46"
89,"2025-09-09 13:24:57.641635+00","12.46"
90,"2025-09-09 13:24:57.648389+00","12.46"
91,"2025-09-09 13:24:57.652781+00","12.46"
92,"2025-09-09 13:24:57.658731+00","12.46"
93,"2025-09-09 13:24:57.664214+00","12.46"
94,"2025-09-09 13:24:57.668704+00","12.46"
95,"2025-09-09 13:24:57.672748+00","12.46"
96,"2025-09-09 13:24:57.677102+00","12.46"
97,"2025-09-09 13:24:57.682591+00","12.46"
98,"2025-09-09 13:24:57.686663+00","12.46"
99,"2025-09-09 13:24:57.691694+00","12.46"
100,"2025-09-09 13:24:57.696866+00","12.46"
101,"2025-09-09 13:24:57.700963+00","12.77"
102,"2025-09-09 13:24:58.243962+00","9.63"
103,"2025-09-09 13:24:59.255599+00","7.49"
104,"2025-09-09 13:25:00.243587+00","10.20"
105,"2025-09-09 13:25:01.242199+00","5.93"
106,"2025-09-09 13:25:02.238698+00","6.35"
107,"2025-09-09 13:25:03.239043+00","7.43"
108,"2025-09-09 13:25:04.239064+00","10.17"
109,"2025-09-09 13:25:05.239477+00","8.28"
110,"2025-09-09 13:25:06.239525+00","8.36"
111,"2025-09-09 13:25:07.245589+00","8.15"
112,"2025-09-09 13:25:08.262236+00","6.76"
113,"2025-09-09 13:25:09.23961+00","10.69"
114,"2025-09-09 13:25:10.262772+00","8.33"
115,"2025-09-09 13:25:11.267376+00","12.31"
116,"2025-09-09 13:25:12.25544+00","14.00"
117,"2025-09-09 13:25:13.239184+00","12.79"
118,"2025-09-09 13:25:14.246356+00","9.82"
119,"2025-09-09 13:25:15.242038+00","9.94"
120,"2025-09-09 13:25:16.240101+00","10.84"
121,"2025-09-09 13:25:17.240489+00","7.62"
122,"2025-09-09 13:25:18.239144+00","6.67"
123,"2025-09-09 13:25:20.143464+00","6.99"
124,"2025-09-09 13:25:21.144689+00","6.55"
125,"2025-09-09 13:25:22.143755+00","6.93"
126,"2025-09-09 13:25:23.143702+00","7.97"
127,"2025-09-09 13:25:24.145354+00","7.72"
128,"2025-09-09 13:25:25.143653+00","7.44"
129,"2025-09-09 13:25:26.143076+00","11.49"
130,"2025-09-09 13:25:27.143468+00","6.51"
131,"2025-09-09 13:25:28.144689+00","9.74"
132,"2025-09-09 13:25:29.145562+00","5.48"
133,"2025-09-09 13:25:30.143445+00","8.70"
134,"2025-09-09 13:25:31.143564+00","7.44"
135,"2025-09-09 13:25:32.14376+00","8.33"
136,"2025-09-09 13:25:33.147077+00","9.05"
137,"2025-09-09 13:25:34.143285+00","9.79"
138,"2025-09-09 13:25:35.143425+00","7.41"
139,"2025-09-09 13:25:36.144555+00","5.96"
140,"2025-09-09 13:25:37.166569+00","6.47"
141,"2025-09-09 13:25:38.15896+00","6.54"
142,"2025-09-09 13:25:39.150478+00","0.19"
143,"2025-09-09 13:25:40.147456+00","0.06"
144,"2025-09-09 13:25:41.143554+00","0.19"
145,"2025-09-09 13:25:42.163704+00","0.31"
146,"2025-09-09 13:25:43.159708+00","0.31"
147,"2025-09-09 13:25:44.161771+00","0.50"
148,"2025-09-09 13:25:45.150098+00","0.56"
149,"2025-09-09 13:25:46.143681+00","0.31"
150,"2025-09-09 13:25:47.165465+00","0.25"
151,"2025-09-09 13:25:48.151618+00","0.30"
152,"2025-09-09 13:25:49.149856+00","0.13"
153,"2025-09-09 13:25:51.068222+00","0.25"
154,"2025-09-09 13:25:52.052852+00","1.50"
155,"2025-09-09 13:25:53.053666+00","0.50"
156,"2025-09-09 13:25:54.067387+00","0.13"
157,"2025-09-09 13:25:55.050925+00","0.38"
158,"2025-09-09 13:25:56.059793+00","0.12"
163,"2025-09-09 13:26:01.070757+00","0.25"
159,"2025-09-09 13:25:57.057465+00","0.37"
164,"2025-09-09 13:26:02.057444+00","0.31"
160,"2025-09-09 13:25:58.068036+00","0.13"
165,"2025-09-09 13:26:03.054296+00","0.13"
161,"2025-09-09 13:25:59.051048+00","0.50"
162,"2025-09-09 13:26:00.072928+00","0.25"
166,"2025-09-09 13:26:04.051124+00","0.38"
167,"2025-09-09 13:26:05.053464+00","3.20"
168,"2025-09-09 13:26:06.347688+00","29.71"
169,"2025-09-09 13:26:07.492227+00","45.17"
170,"2025-09-09 13:26:08.408603+00","48.22"
171,"2025-09-09 13:26:09.424324+00","49.55"
172,"2025-09-09 13:26:10.373549+00","50.82"
173,"2025-09-09 13:26:11.607268+00","46.98"
174,"2025-09-09 13:26:12.506117+00","46.07"
175,"2025-09-09 13:26:13.51148+00","46.72"
176,"2025-09-09 13:26:15.075953+00","46.30"
177,"2025-09-09 13:26:16.169121+00","47.67"
178,"2025-09-09 13:26:17.343553+00","45.31"
179,"2025-09-09 13:26:18.736527+00","44.93"
180,"2025-09-09 13:26:19.723833+00","46.56"
181,"2025-09-09 13:26:21.778365+00","46.99"
182,"2025-09-09 13:26:23.44139+00","48.66"
183,"2025-09-09 13:26:24.66549+00","48.16"
184,"2025-09-09 13:26:26.230616+00","46.67"
185,"2025-09-09 13:26:28.009175+00","48.33"
186,"2025-09-09 13:26:29.517798+00","46.34"
187,"2025-09-09 13:26:30.923747+00","49.41"
188,"2025-09-09 13:26:32.602044+00","47.52"
189,"2025-09-09 13:26:33.892006+00","43.28"
190,"2025-09-09 13:26:34.943586+00","43.57"
191,"2025-09-09 13:26:36.088859+00","47.44"
192,"2025-09-09 13:26:36.886478+00","46.44"
193,"2025-09-09 13:26:37.653285+00","45.64"
194,"2025-09-09 13:26:38.062634+00","49.72"
195,"2025-09-09 13:26:38.300615+00","50.26"
196,"2025-09-09 13:26:38.463505+00","50.26"
197,"2025-09-09 13:26:38.584379+00","50.17"
198,"2025-09-09 13:26:38.669832+00","50.17"
199,"2025-09-09 13:26:38.718246+00","50.17"
200,"2025-09-09 13:26:38.968142+00","45.83"
201,"2025-09-09 13:26:39.980517+00","12.16"
202,"2025-09-09 13:26:40.975848+00","0.38"
203,"2025-09-09 13:26:41.987775+00","0.19"
204,"2025-09-09 13:26:42.980192+00","0.37"
205,"2025-09-09 13:26:43.966946+00","0.13"
206,"2025-09-09 13:26:44.967875+00","0.06"
207,"2025-09-09 13:26:45.976029+00","0.88"
208,"2025-09-09 13:26:46.969218+00","0.06"
209,"2025-09-09 13:26:47.9723+00","0.62"
210,"2025-09-09 13:26:48.980159+00","0.37"
211,"2025-09-09 13:26:49.973816+00","0.25"
212,"2025-09-09 13:26:50.982796+00","0.19"
213,"2025-09-09 13:26:52.881211+00","0.62"
214,"2025-09-09 13:26:53.882094+00","1.81"
215,"2025-09-09 13:26:54.885557+00","0.18"
216,"2025-09-09 13:26:55.895711+00","0.19"
217,"2025-09-09 13:26:56.877533+00","0.37"
218,"2025-09-09 13:26:57.877536+00","0.50"
219,"2025-09-09 13:26:58.87876+00","0.19"
220,"2025-09-09 13:27:00.18335+00","11.60"
221,"2025-09-09 13:27:06.069028+00","17.00"
222,"2025-09-09 13:27:06.599917+00","46.73"
223,"2025-09-09 13:27:07.35643+00","46.19"
224,"2025-09-09 13:27:07.841936+00","46.01"
225,"2025-09-09 13:27:08.459324+00","49.92"
226,"2025-09-09 13:27:09.125478+00","48.01"
227,"2025-09-09 13:27:09.630758+00","49.09"
228,"2025-09-09 13:27:10.175503+00","45.03"
229,"2025-09-09 13:27:10.975685+00","47.80"
230,"2025-09-09 13:27:11.562796+00","50.93"
231,"2025-09-09 13:27:12.26846+00","46.66"
232,"2025-09-09 13:27:13.237734+00","48.30"
233,"2025-09-09 13:27:14.023047+00","48.44"
234,"2025-09-09 13:27:14.969415+00","47.99"
235,"2025-09-09 13:27:16.145908+00","46.47"
236,"2025-09-09 13:27:16.938149+00","48.60"
237,"2025-09-09 13:27:17.865063+00","47.38"
238,"2025-09-09 13:27:18.925616+00","48.34"
239,"2025-09-09 13:27:19.677601+00","49.02"
240,"2025-09-09 13:27:20.549307+00","47.12"
241,"2025-09-09 13:27:21.660661+00","47.87"
242,"2025-09-09 13:27:23.276591+00","49.81"
243,"2025-09-09 13:27:24.295193+00","47.36"
244,"2025-09-09 13:27:25.356979+00","47.34"
245,"2025-09-09 13:27:26.172545+00","47.98"
246,"2025-09-09 13:27:27.467506+00","47.55"
247,"2025-09-09 13:27:28.147205+00","45.32"
248,"2025-09-09 13:27:29.000683+00","47.12"
249,"2025-09-09 13:27:29.812452+00","49.60"
250,"2025-09-09 13:27:30.811757+00","7.78"
251,"2025-09-09 13:27:31.811758+00","0.13"
252,"2025-09-09 13:27:32.814524+00","0.06"
253,"2025-09-09 13:27:33.812899+00","0.62"
254,"2025-09-09 13:27:34.814552+00","0.56"
255,"2025-09-09 13:27:35.815+00","0.00"
256,"2025-09-09 13:27:36.829095+00","1.37"
257,"2025-09-09 13:27:37.825876+00","0.37"
258,"2025-09-09 13:27:38.816243+00","0.31"
259,"2025-09-09 13:27:39.82507+00","0.13"
260,"2025-09-09 13:27:40.811933+00","0.31"
261,"2025-09-09 13:27:41.835403+00","0.12"
262,"2025-09-09 13:27:42.83125+00","0.44"
263,"2025-09-09 13:27:43.832138+00","0.87"
264,"2025-09-09 13:27:44.813184+00","0.37"
265,"2025-09-09 13:27:45.81196+00","0.25"
266,"2025-09-09 13:27:46.811498+00","13.76"
267,"2025-09-09 13:27:47.815598+00","8.84"
268,"2025-09-09 13:27:49.275258+00","24.95"
269,"2025-09-09 13:27:50.886982+00","47.44"
270,"2025-09-09 13:27:51.474611+00","46.93"
271,"2025-09-09 13:27:51.934936+00","44.94"
272,"2025-09-09 13:27:52.811598+00","19.54"
273,"2025-09-09 13:27:54.783346+00","21.13"
274,"2025-09-09 13:27:55.739556+00","22.32"
275,"2025-09-09 13:27:56.739988+00","0.50"
276,"2025-09-09 13:27:57.739418+00","0.13"
277,"2025-09-09 13:27:58.739564+00","0.12"
278,"2025-09-09 13:27:59.739149+00","0.12"
279,"2025-09-09 13:28:00.755367+00","0.19"
280,"2025-09-09 13:28:01.747388+00","2.64"
281,"2025-09-09 13:28:03.025517+00","46.91"
282,"2025-09-09 13:28:03.969096+00","46.76"
283,"2025-09-09 13:28:04.82098+00","36.17"
284,"2025-09-09 13:28:05.739755+00","3.19"
285,"2025-09-09 13:28:06.75834+00","0.56"
286,"2025-09-09 13:28:07.760207+00","0.75"
287,"2025-09-09 13:28:08.752758+00","0.19"
288,"2025-09-09 13:28:09.754326+00","0.63"
289,"2025-09-09 13:28:10.755236+00","0.37"
290,"2025-09-09 13:28:11.748239+00","6.78"
291,"2025-09-09 13:28:12.738807+00","4.11"
292,"2025-09-09 13:28:13.740224+00","7.57"
293,"2025-09-09 13:28:14.739431+00","8.14"
294,"2025-09-09 13:28:15.74107+00","6.01"
295,"2025-09-09 13:28:16.760843+00","47.11"
296,"2025-09-09 13:28:17.740637+00","37.83"
297,"2025-09-09 13:28:18.739434+00","12.58"
298,"2025-09-09 13:28:19.776957+00","7.56"
299,"2025-09-09 13:28:20.777888+00","5.48"
300,"2025-09-09 13:28:21.739867+00","0.38"
301,"2025-09-09 13:28:22.741861+00","0.12"
302,"2025-09-09 13:28:23.753974+00","0.06"