"id","timestamp","memory_usage_percent"
79,"2025-09-15 09:52:13.528952+00","13.35"
81,"2025-09-15 09:52:14.548989+00","13.35"
83,"2025-09-15 09:52:15.540351+00","13.35"
85,"2025-09-15 09:52:16.526574+00","13.35"
87,"2025-09-15 09:52:17.527981+00","13.38"
89,"2025-09-15 09:52:18.536267+00","13.38"
91,"2025-09-15 09:52:19.525142+00","13.41"
93,"2025-09-15 09:52:20.527029+00","13.41"
95,"2025-09-15 09:52:22.261117+00","13.42"
97,"2025-09-15 09:52:23.283734+00","15.13"
99,"2025-09-15 09:52:24.552909+00","21.65"
101,"2025-09-15 09:52:25.706183+00","26.06"
103,"2025-09-15 09:52:26.709118+00","26.98"
105,"2025-09-15 09:52:27.702252+00","27.18"
107,"2025-09-15 09:52:28.710159+00","27.39"
109,"2025-09-15 09:52:29.721226+00","27.56"
111,"2025-09-15 09:52:30.710225+00","27.75"
113,"2025-09-15 09:52:31.716876+00","27.87"
115,"2025-09-15 09:52:32.735076+00","27.91"
117,"2025-09-15 09:52:34.55301+00","28.34"
119,"2025-09-15 09:52:35.42528+00","38.04"
121,"2025-09-15 09:52:35.860056+00","41.14"
123,"2025-09-15 09:52:36.548261+00","43.45"
125,"2025-09-15 09:52:37.269322+00","47.62"
127,"2025-09-15 09:52:38.282465+00","56.21"
129,"2025-09-15 09:52:39.816312+00","60.31"
131,"2025-09-15 09:52:45.453067+00","64.77"
133,"2025-09-15 09:52:54.43846+00","76.25"
135,"2025-09-15 09:52:59.903147+00","74.58"
137,"2025-09-15 09:53:10.417806+00","77.12"
139,"2025-09-15 09:53:24.713069+00","81.07"
141,"2025-09-15 09:53:35.682937+00","85.77"
143,"2025-09-15 09:53:43.904393+00","82.19"
145,"2025-09-15 09:53:51.274603+00","73.82"
147,"2025-09-15 09:53:58.121938+00","64.96"
149,"2025-09-15 09:54:00.610901+00","38.33"
151,"2025-09-15 09:54:01.270723+00","34.07"
153,"2025-09-15 09:54:01.298518+00","28.93"
155,"2025-09-15 09:54:01.307351+00","28.83"
157,"2025-09-15 09:54:01.317768+00","28.83"
159,"2025-09-15 09:54:01.324825+00","28.82"
161,"2025-09-15 09:54:01.331163+00","28.82"
163,"2025-09-15 09:54:01.337509+00","28.82"
165,"2025-09-15 09:54:01.344213+00","28.81"
167,"2025-09-15 09:54:01.350508+00","28.81"
169,"2025-09-15 09:54:01.356014+00","28.81"
171,"2025-09-15 09:54:01.362725+00","28.81"
173,"2025-09-15 09:54:01.368498+00","28.81"
175,"2025-09-15 09:54:01.37631+00","28.81"
177,"2025-09-15 09:54:01.385937+00","28.81"
179,"2025-09-15 09:54:01.391885+00","28.81"
181,"2025-09-15 09:54:01.397575+00","28.81"
183,"2025-09-15 09:54:01.404307+00","28.81"
185,"2025-09-15 09:54:01.41155+00","28.81"
187,"2025-09-15 09:54:01.419281+00","28.80"
189,"2025-09-15 09:54:01.428802+00","28.80"
191,"2025-09-15 09:54:01.43709+00","28.80"
193,"2025-09-15 09:54:01.443097+00","28.80"
195,"2025-09-15 09:54:01.451117+00","28.80"
197,"2025-09-15 09:54:01.456563+00","28.80"
199,"2025-09-15 09:54:01.461949+00","28.80"
201,"2025-09-15 09:54:01.467127+00","28.80"
203,"2025-09-15 09:54:01.47225+00","28.80"
205,"2025-09-15 09:54:01.477143+00","28.80"
207,"2025-09-15 09:54:01.482173+00","28.80"
209,"2025-09-15 09:54:01.487913+00","28.80"
211,"2025-09-15 09:54:01.49309+00","28.80"
213,"2025-09-15 09:54:01.500036+00","28.80"
215,"2025-09-15 09:54:01.505951+00","28.80"
217,"2025-09-15 09:54:01.511975+00","28.80"
219,"2025-09-15 09:54:01.518077+00","28.80"
221,"2025-09-15 09:54:01.524433+00","28.80"
223,"2025-09-15 09:54:01.530322+00","28.80"
225,"2025-09-15 09:54:01.535766+00","28.80"
227,"2025-09-15 09:54:01.541101+00","28.80"
229,"2025-09-15 09:54:01.546882+00","28.80"
231,"2025-09-15 09:54:01.556109+00","28.80"
233,"2025-09-15 09:54:01.562038+00","28.80"
235,"2025-09-15 09:54:01.567285+00","28.80"
237,"2025-09-15 09:54:01.573171+00","28.80"
239,"2025-09-15 09:54:01.578976+00","28.80"
241,"2025-09-15 09:54:01.585848+00","28.80"
243,"2025-09-15 09:54:01.591331+00","28.80"
245,"2025-09-15 09:54:01.596434+00","28.80"
247,"2025-09-15 09:54:01.603223+00","28.80"
249,"2025-09-15 09:54:01.610041+00","28.80"
251,"2025-09-15 09:54:01.617238+00","28.80"
253,"2025-09-15 09:54:01.624653+00","28.80"
255,"2025-09-15 09:54:01.630819+00","28.80"
257,"2025-09-15 09:54:01.637551+00","28.80"
259,"2025-09-15 09:54:01.645815+00","28.80"
261,"2025-09-15 09:54:01.653043+00","28.80"
263,"2025-09-15 09:54:01.65838+00","28.79"
265,"2025-09-15 09:54:01.665898+00","28.79"
267,"2025-09-15 09:54:01.671242+00","28.80"
269,"2025-09-15 09:54:01.676577+00","28.80"
271,"2025-09-15 09:54:01.682708+00","28.80"
273,"2025-09-15 09:54:01.691583+00","28.80"
275,"2025-09-15 09:54:01.699331+00","28.80"
277,"2025-09-15 09:54:01.705522+00","28.80"
279,"2025-09-15 09:54:01.71264+00","28.80"
281,"2025-09-15 09:54:01.718376+00","28.80"
283,"2025-09-15 09:54:01.726272+00","28.79"
285,"2025-09-15 09:54:01.736404+00","28.79"
287,"2025-09-15 09:54:02.450435+00","28.79"
289,"2025-09-15 09:54:03.450561+00","28.79"
291,"2025-09-15 09:54:04.450098+00","28.81"
293,"2025-09-15 09:54:05.450068+00","28.83"
295,"2025-09-15 09:54:06.452318+00","28.84"
297,"2025-09-15 09:54:07.450863+00","28.86"
299,"2025-09-15 09:54:08.449808+00","28.87"
301,"2025-09-15 09:54:09.453005+00","28.89"
303,"2025-09-15 09:54:10.450424+00","28.99"
305,"2025-09-15 09:54:11.453653+00","29.10"
307,"2025-09-15 09:54:12.451815+00","29.20"
309,"2025-09-15 09:54:13.464601+00","29.27"
311,"2025-09-15 09:54:14.451414+00","29.34"
313,"2025-09-15 09:54:15.460119+00","29.38"
315,"2025-09-15 09:54:16.456338+00","29.42"
317,"2025-09-15 09:54:17.458646+00","29.49"
319,"2025-09-15 09:54:18.459795+00","29.55"
321,"2025-09-15 09:54:19.449921+00","29.58"
323,"2025-09-15 09:54:20.451413+00","29.65"
325,"2025-09-15 09:54:21.45526+00","29.77"
327,"2025-09-15 09:54:22.45495+00","29.85"
329,"2025-09-15 09:54:23.482886+00","30.00"
331,"2025-09-15 09:54:24.453912+00","30.15"
333,"2025-09-15 09:54:25.45135+00","30.25"
335,"2025-09-15 09:54:27.589581+00","30.39"
337,"2025-09-15 09:54:28.590492+00","30.51"
339,"2025-09-15 09:54:29.604694+00","30.64"
341,"2025-09-15 09:54:30.601636+00","30.79"
343,"2025-09-15 09:54:31.591206+00","30.92"
345,"2025-09-15 09:54:32.593867+00","31.06"
347,"2025-09-15 09:54:33.58901+00","31.17"
349,"2025-09-15 09:54:34.595006+00","31.27"
351,"2025-09-15 09:54:35.588495+00","31.31"
353,"2025-09-15 09:54:36.588484+00","31.36"
355,"2025-09-15 09:54:37.6111+00","31.42"
357,"2025-09-15 09:54:38.635715+00","31.46"
359,"2025-09-15 09:54:39.589246+00","31.53"
361,"2025-09-15 09:54:40.618294+00","31.59"
363,"2025-09-15 09:54:41.589974+00","31.60"
365,"2025-09-15 09:54:42.605202+00","31.63"
367,"2025-09-15 09:54:43.591722+00","31.65"
369,"2025-09-15 09:54:44.594965+00","31.68"
371,"2025-09-15 09:54:45.590234+00","31.70"
373,"2025-09-15 09:54:46.661186+00","31.73"
375,"2025-09-15 09:54:47.592216+00","31.77"
377,"2025-09-15 09:54:48.598493+00","31.82"
379,"2025-09-15 09:54:49.592693+00","31.85"
381,"2025-09-15 09:54:50.588266+00","31.88"
383,"2025-09-15 09:54:51.591864+00","31.91"
385,"2025-09-15 09:54:52.588142+00","31.94"
387,"2025-09-15 09:54:53.591087+00","31.97"
389,"2025-09-15 09:54:54.595457+00","31.98"
391,"2025-09-15 09:54:55.587675+00","32.01"
393,"2025-09-15 09:54:56.589265+00","32.03"
395,"2025-09-15 09:54:58.891547+00","32.05"
397,"2025-09-15 09:54:59.888702+00","32.07"
399,"2025-09-15 09:55:00.887433+00","32.10"
401,"2025-09-15 09:55:01.893061+00","32.16"
403,"2025-09-15 09:55:02.888687+00","32.18"
405,"2025-09-15 09:55:03.887687+00","32.21"
407,"2025-09-15 09:55:04.887396+00","32.25"
409,"2025-09-15 09:55:05.890085+00","32.28"
411,"2025-09-15 09:55:06.888284+00","32.32"
413,"2025-09-15 09:55:07.897127+00","32.37"
415,"2025-09-15 09:55:08.889068+00","32.40"
417,"2025-09-15 09:55:09.916343+00","32.48"
419,"2025-09-15 09:55:10.889728+00","32.50"
421,"2025-09-15 09:55:11.887222+00","32.51"
423,"2025-09-15 09:55:12.888674+00","32.53"
425,"2025-09-15 09:55:13.894583+00","32.59"
427,"2025-09-15 09:55:14.888737+00","32.63"
429,"2025-09-15 09:55:15.888584+00","32.68"
431,"2025-09-15 09:55:16.890562+00","32.73"
433,"2025-09-15 09:55:17.887478+00","32.73"
435,"2025-09-15 09:55:18.888425+00","32.76"
437,"2025-09-15 09:55:19.899376+00","32.78"
439,"2025-09-15 09:55:20.888246+00","32.80"
441,"2025-09-15 09:55:21.888154+00","32.82"
443,"2025-09-15 09:55:22.890902+00","32.52"
445,"2025-09-15 09:55:23.891827+00","32.52"
447,"2025-09-15 09:55:24.893618+00","32.55"
449,"2025-09-15 09:55:25.887815+00","32.60"
451,"2025-09-15 09:55:26.891149+00","32.63"
453,"2025-09-15 09:55:27.888608+00","32.67"
455,"2025-09-15 09:55:30.191762+00","32.70"
457,"2025-09-15 09:55:31.278686+00","32.75"
459,"2025-09-15 09:55:32.195811+00","32.84"
461,"2025-09-15 09:55:33.196435+00","32.82"
463,"2025-09-15 09:55:34.191852+00","32.84"
465,"2025-09-15 09:55:35.191768+00","32.85"
467,"2025-09-15 09:55:36.192853+00","32.84"
469,"2025-09-15 09:55:37.19207+00","32.84"
471,"2025-09-15 09:55:38.330547+00","32.84"
473,"2025-09-15 09:55:39.193301+00","32.84"
475,"2025-09-15 09:55:40.223012+00","32.87"
477,"2025-09-15 09:55:41.231403+00","32.87"
479,"2025-09-15 09:55:42.193551+00","32.84"
481,"2025-09-15 09:55:43.191987+00","32.82"
483,"2025-09-15 09:55:44.191509+00","32.82"
485,"2025-09-15 09:55:45.222818+00","32.82"
487,"2025-09-15 09:55:46.191959+00","33.06"
489,"2025-09-15 09:55:47.200504+00","33.06"
491,"2025-09-15 09:55:48.192106+00","33.05"
493,"2025-09-15 09:55:49.194222+00","33.05"
495,"2025-09-15 09:55:50.200338+00","33.04"
497,"2025-09-15 09:55:51.192709+00","33.02"
499,"2025-09-15 09:55:52.193527+00","33.02"
501,"2025-09-15 09:55:53.191895+00","33.02"
503,"2025-09-15 09:55:54.196185+00","33.02"
505,"2025-09-15 09:55:55.199203+00","33.02"
507,"2025-09-15 09:55:56.192898+00","33.02"
509,"2025-09-15 09:55:57.192914+00","33.01"
511,"2025-09-15 09:55:58.192307+00","33.01"
513,"2025-09-15 09:55:59.192112+00","33.01"
515,"2025-09-15 09:56:00.43433+00","33.01"
517,"2025-09-15 09:56:02.18294+00","33.00"
519,"2025-09-15 09:56:03.183123+00","33.00"
521,"2025-09-15 09:56:04.182745+00","33.01"
523,"2025-09-15 09:56:05.18232+00","33.00"
525,"2025-09-15 09:56:06.182771+00","33.00"
527,"2025-09-15 09:56:07.182731+00","32.99"
529,"2025-09-15 09:56:08.182033+00","32.99"
531,"2025-09-15 09:56:09.182233+00","32.98"
533,"2025-09-15 09:56:10.184122+00","32.98"
535,"2025-09-15 09:56:11.184925+00","32.98"
537,"2025-09-15 09:56:12.185481+00","32.97"
539,"2025-09-15 09:56:13.186012+00","32.96"
541,"2025-09-15 09:56:14.183523+00","32.96"
543,"2025-09-15 09:56:15.183776+00","32.96"
545,"2025-09-15 09:56:16.181838+00","32.96"
547,"2025-09-15 09:56:17.182913+00","32.98"
549,"2025-09-15 09:56:18.18351+00","33.00"
551,"2025-09-15 09:56:19.18286+00","32.99"
553,"2025-09-15 09:56:20.182472+00","32.99"
555,"2025-09-15 09:56:21.184534+00","32.98"
557,"2025-09-15 09:56:22.182768+00","32.98"
559,"2025-09-15 09:56:23.182931+00","32.98"
561,"2025-09-15 09:56:24.182619+00","32.98"
563,"2025-09-15 09:56:25.183285+00","33.03"
565,"2025-09-15 09:56:26.183389+00","33.01"
567,"2025-09-15 09:56:27.184981+00","33.01"
569,"2025-09-15 09:56:28.183393+00","33.01"
571,"2025-09-15 09:56:29.184775+00","33.05"
573,"2025-09-15 09:56:30.183213+00","33.06"
575,"2025-09-15 09:56:32.553117+00","33.06"
577,"2025-09-15 09:56:33.522156+00","33.06"
579,"2025-09-15 09:56:34.520811+00","33.06"
581,"2025-09-15 09:56:35.521007+00","33.07"
583,"2025-09-15 09:56:36.523171+00","33.08"
585,"2025-09-15 09:56:37.520587+00","33.02"
587,"2025-09-15 09:56:38.522343+00","33.02"
589,"2025-09-15 09:56:39.520938+00","33.01"
591,"2025-09-15 09:56:40.536747+00","33.05"
593,"2025-09-15 09:56:41.520894+00","33.05"
595,"2025-09-15 09:56:42.522039+00","33.05"
597,"2025-09-15 09:56:43.520337+00","33.04"
599,"2025-09-15 09:56:44.523566+00","33.05"
601,"2025-09-15 09:56:45.525109+00","33.05"
603,"2025-09-15 09:56:46.523014+00","33.09"
605,"2025-09-15 09:56:47.521807+00","33.09"
607,"2025-09-15 09:56:48.522379+00","33.14"
609,"2025-09-15 09:56:49.521061+00","33.15"
611,"2025-09-15 09:56:50.522267+00","33.16"
613,"2025-09-15 09:56:51.524497+00","33.17"
615,"2025-09-15 09:56:52.522262+00","33.20"
617,"2025-09-15 09:56:53.52585+00","33.21"
619,"2025-09-15 09:56:54.522787+00","33.24"
621,"2025-09-15 09:56:55.522849+00","33.27"
623,"2025-09-15 09:56:56.522166+00","33.34"
625,"2025-09-15 09:56:57.521557+00","33.37"
627,"2025-09-15 09:56:58.535232+00","33.39"
629,"2025-09-15 09:56:59.522289+00","33.42"
631,"2025-09-15 09:57:00.523409+00","33.43"
633,"2025-09-15 09:57:01.522569+00","33.51"
635,"2025-09-15 09:57:03.768639+00","33.54"
637,"2025-09-15 09:57:04.7671+00","33.55"
639,"2025-09-15 09:57:05.76654+00","33.57"
641,"2025-09-15 09:57:06.764859+00","33.60"
643,"2025-09-15 09:57:07.764597+00","33.59"
645,"2025-09-15 09:57:08.764298+00","33.62"
647,"2025-09-15 09:57:09.765836+00","33.63"
649,"2025-09-15 09:57:10.765282+00","33.67"
651,"2025-09-15 09:57:11.766712+00","33.68"
653,"2025-09-15 09:57:12.769856+00","33.70"
655,"2025-09-15 09:57:13.765061+00","33.70"
657,"2025-09-15 09:57:14.76514+00","33.72"
659,"2025-09-15 09:57:15.765614+00","33.73"
661,"2025-09-15 09:57:16.765529+00","33.74"
663,"2025-09-15 09:57:17.76577+00","33.74"
665,"2025-09-15 09:57:18.764707+00","33.73"
667,"2025-09-15 09:57:19.765442+00","33.73"
669,"2025-09-15 09:57:20.764535+00","33.74"
671,"2025-09-15 09:57:21.764521+00","33.75"
673,"2025-09-15 09:57:22.767291+00","33.75"
675,"2025-09-15 09:57:23.765488+00","33.75"
677,"2025-09-15 09:57:24.765426+00","33.75"
679,"2025-09-15 09:57:25.766287+00","33.76"
681,"2025-09-15 09:57:26.766834+00","33.76"
683,"2025-09-15 09:57:27.76502+00","33.77"
685,"2025-09-15 09:57:28.764985+00","33.78"
687,"2025-09-15 09:57:29.764676+00","33.77"
689,"2025-09-15 09:57:30.764756+00","33.77"
691,"2025-09-15 09:57:31.764826+00","33.77"
693,"2025-09-15 09:57:32.771261+00","33.81"
695,"2025-09-15 09:57:35.117068+00","33.82"
697,"2025-09-15 09:57:36.1165+00","33.81"
699,"2025-09-15 09:57:37.116999+00","33.82"
701,"2025-09-15 09:57:38.117828+00","33.82"
703,"2025-09-15 09:57:39.116236+00","33.82"
705,"2025-09-15 09:57:40.12013+00","33.87"
707,"2025-09-15 09:57:41.11669+00","33.86"
709,"2025-09-15 09:57:44.239453+00","35.03"
711,"2025-09-15 09:57:44.58513+00","36.73"
713,"2025-09-15 09:57:44.801975+00","36.25"
715,"2025-09-15 09:57:45.163005+00","34.81"
717,"2025-09-15 09:57:46.117919+00","31.22"
719,"2025-09-15 09:57:47.11765+00","31.20"
721,"2025-09-15 09:57:48.117086+00","31.20"
723,"2025-09-15 09:57:49.116452+00","31.19"
725,"2025-09-15 09:57:50.117654+00","31.17"
727,"2025-09-15 09:57:51.11872+00","31.12"
729,"2025-09-15 09:57:52.118986+00","31.13"
731,"2025-09-15 09:57:53.117845+00","31.12"
733,"2025-09-15 09:57:54.1164+00","31.12"
735,"2025-09-15 09:57:55.116521+00","31.12"
737,"2025-09-15 09:57:56.124191+00","31.12"
739,"2025-09-15 09:57:57.116651+00","31.11"
741,"2025-09-15 09:57:58.117109+00","31.09"
743,"2025-09-15 09:57:59.117186+00","31.09"
745,"2025-09-15 09:58:00.11725+00","31.08"
747,"2025-09-15 09:58:01.11677+00","31.08"
749,"2025-09-15 09:58:02.117306+00","31.08"
751,"2025-09-15 09:58:03.117746+00","31.08"
753,"2025-09-15 09:58:04.117009+00","31.04"
755,"2025-09-15 09:58:06.328049+00","31.04"
757,"2025-09-15 09:58:07.325246+00","31.03"
759,"2025-09-15 09:58:08.323277+00","31.03"
761,"2025-09-15 09:58:09.322221+00","31.04"
763,"2025-09-15 09:58:10.324711+00","31.07"
765,"2025-09-15 09:58:11.324101+00","31.05"
767,"2025-09-15 09:58:12.322401+00","31.04"
769,"2025-09-15 09:58:13.327486+00","31.04"
771,"2025-09-15 09:58:14.341209+00","31.04"
773,"2025-09-15 09:58:15.321825+00","31.04"
775,"2025-09-15 09:58:16.322615+00","31.04"
777,"2025-09-15 09:58:17.320818+00","31.04"
779,"2025-09-15 09:58:18.350579+00","31.04"
781,"2025-09-15 09:58:19.34862+00","31.04"
783,"2025-09-15 09:58:20.322372+00","31.04"
785,"2025-09-15 09:58:21.322913+00","31.04"
787,"2025-09-15 09:58:22.345894+00","31.05"
789,"2025-09-15 09:58:23.327252+00","31.08"
791,"2025-09-15 09:58:24.321082+00","31.08"
793,"2025-09-15 09:58:25.326845+00","31.08"
795,"2025-09-15 09:58:26.326407+00","31.08"
797,"2025-09-15 09:58:27.320635+00","31.08"
799,"2025-09-15 09:58:28.320909+00","31.07"
801,"2025-09-15 09:58:29.320312+00","31.07"
803,"2025-09-15 09:58:30.373156+00","31.07"
805,"2025-09-15 09:58:31.322766+00","31.07"
807,"2025-09-15 09:58:32.322709+00","31.06"
809,"2025-09-15 09:58:33.322171+00","31.06"
811,"2025-09-15 09:58:34.348076+00","31.06"
813,"2025-09-15 09:58:35.333864+00","31.07"
815,"2025-09-15 09:58:37.54375+00","31.07"
817,"2025-09-15 09:58:38.556969+00","31.07"
819,"2025-09-15 09:58:39.555273+00","31.07"
821,"2025-09-15 09:58:40.587226+00","31.11"
823,"2025-09-15 09:58:41.555484+00","31.11"
825,"2025-09-15 09:58:42.541234+00","31.11"
827,"2025-09-15 09:58:43.550455+00","31.11"
829,"2025-09-15 09:58:44.569232+00","31.10"
831,"2025-09-15 09:58:45.557273+00","31.10"
833,"2025-09-15 09:58:46.56464+00","31.10"
835,"2025-09-15 09:58:47.557405+00","31.10"
837,"2025-09-15 09:58:48.556336+00","31.11"
839,"2025-09-15 09:58:49.552799+00","31.11"
841,"2025-09-15 09:58:50.564005+00","31.10"
843,"2025-09-15 09:58:51.56069+00","31.11"
845,"2025-09-15 09:58:52.542928+00","31.10"
847,"2025-09-15 09:58:53.557327+00","31.09"
849,"2025-09-15 09:58:54.548539+00","31.09"
851,"2025-09-15 09:58:55.561989+00","31.09"
853,"2025-09-15 09:58:56.577671+00","31.09"
855,"2025-09-15 09:58:57.558785+00","31.09"
857,"2025-09-15 09:58:58.544246+00","31.09"
859,"2025-09-15 09:58:59.543519+00","31.09"
861,"2025-09-15 09:59:00.542106+00","31.09"