"sent_at_second","message_count"
"2025-09-15 09:55:30","129"
"2025-09-15 09:55:35","241"
"2025-09-15 09:55:40","250"
"2025-09-15 09:55:45","284"
"2025-09-15 09:55:50","323"
"2025-09-15 09:55:55","306"
"2025-09-15 09:56:00","299"
"2025-09-15 09:56:05","408"
"2025-09-15 09:56:10","384"
"2025-09-15 09:56:15","453"
"2025-09-15 09:56:20","476"
"2025-09-15 09:56:25","526"
"2025-09-15 09:56:30","277"
"2025-09-15 09:56:35","356"
"2025-09-15 09:56:40","383"
"2025-09-15 09:56:45","392"
"2025-09-15 09:56:50","428"
"2025-09-15 09:56:55","397"
"2025-09-15 09:57:00","299"
"2025-09-15 09:57:05","439"
"2025-09-15 09:57:10","449"
"2025-09-15 09:57:15","406"
"2025-09-15 09:57:20","442"
"2025-09-15 09:57:25","368"
"2025-09-15 09:57:30","297"
"2025-09-15 09:57:35","405"
"2025-09-15 09:57:40","407"
"2025-09-15 09:57:45","398"
"2025-09-15 09:57:50","332"
"2025-09-15 09:57:55","328"
"2025-09-15 09:58:00","236"
"2025-09-15 09:58:05","193"
"2025-09-15 09:58:10","208"
"2025-09-15 09:58:15","151"
"2025-09-15 09:58:20","119"
"2025-09-15 09:58:25","73"
"2025-09-15 09:58:30","49"
"2025-09-15 09:58:35","22"
"2025-09-15 09:58:40","2"
